{"cameraMode":{"drawMode":0,"name":"Shaded","section":"Shading Mode"},"sceneLighting":false,"audioPlay":false,"sceneViewState":{"m_AlwaysRefresh":false,"showFog":true,"showSkybox":true,"showFlares":true,"showImageEffects":true,"showParticleSystems":true,"showVisualEffectGraphs":true,"m_FxEnabled":true},"in2DMode":false,"pivot":{"x":428.9712219238281,"y":253.909423828125,"z":339.7541809082031},"rotation":{"x":0.002690347610041499,"y":-0.0039026434533298017,"z":-0.000010455861229274888,"w":-0.9999876022338867},"size":361.12506103515627,"orthographic":false}